{
  "project_info": {
    "project_number": "456779712042",
    "firebase_url": "https://chuyende2-8e59f-default-rtdb.asia-southeast1.firebasedatabase.app",
    "project_id": "chuyende2-8e59f",
    "storage_bucket": "chuyende2-8e59f.appspot.com"
  },
  "client": [
    {
      "client_info": {
        "mobilesdk_app_id": "1:456779712042:android:32d03ac1f3bde1dab32553",
        "android_client_info": {
          "package_name": "com.example.chuyende2"
        }
      },
      "oauth_client": [
        {
          "client_id": "456779712042-h34ikleendj4ga05bafo6kjp16si46im.apps.googleusercontent.com",
          "client_type": 3
        }
      ],
      "api_key": [
        {
          "current_key": "AIzaSyA7PUPkPvwnwBcyHVl5anPDe5_4BAIHS_Q"
        }
      ],
      "services": {
        "appinvite_service": {
          "other_platform_oauth_client": [
            {
              "client_id": "456779712042-h34ikleendj4ga05bafo6kjp16si46im.apps.googleusercontent.com",
              "client_type": 3
            }
          ]
        }
      }
    }
  ],
  "configuration_version": "1"
}